{"stats":{"minecraft:used":{"minecraft:shroomlight":10,"minecraft:stone_bricks":6,"minecraft:water_bucket":408,"minecraft:oak_fence":14,"minecraft:spruce_leaves":168,"minecraft:torch":10,"minecraft:dirt":78,"minecraft:flint_and_steel":1,"minecraft:tnt":33,"minecraft:oak_slab":25,"minecraft:lantern":12,"minecraft:iron_block":19,"minecraft:grass_block":364,"minecraft:andesite":41,"minecraft:stone_brick_wall":12,"minecraft:stone":74,"minecraft:spruce_sapling":28,"minecraft:bone_meal":313,"minecraft:beacon":4,"minecraft:green_stained_glass":3},"minecraft:custom":{"minecraft:time_since_rest":218201,"minecraft:crouch_one_cm":37332,"minecraft:sprint_one_cm":67989,"minecraft:play_time":218201,"minecraft:damage_taken":210,"minecraft:walk_one_cm":136855,"minecraft:sneak_time":17374,"minecraft:walk_under_water_one_cm":51918,"minecraft:drop":1,"minecraft:jump":841,"minecraft:damage_dealt":40,"minecraft:leave_game":5,"minecraft:walk_on_water_one_cm":31540,"minecraft:time_since_death":218201,"minecraft:interact_with_beacon":3,"minecraft:total_world_time":218201,"minecraft:fall_one_cm":7639,"minecraft:fly_one_cm":2863108},"minecraft:picked_up":{"minecraft:stick":5,"minecraft:andesite":12,"minecraft:torch":14,"minecraft:sand":47,"minecraft:spruce_log":9,"minecraft:spruce_sapling":2,"minecraft:cobblestone":9,"minecraft:dirt":34,"minecraft:mossy_cobblestone":1},"minecraft:dropped":{"minecraft:andesite":1}},"DataVersion":3700}