{"stats":{"minecraft:used":{"minecraft:shroomlight":2,"minecraft:quartz_bricks":5,"minecraft:oak_fence":12,"minecraft:water_bucket":439,"minecraft:netherite_sword":13,"minecraft:cyan_terracotta":15,"minecraft:quartz_pillar":33,"minecraft:flint_and_steel":3,"minecraft:quartz_slab":130,"minecraft:smooth_quartz_slab":8,"minecraft:lantern":24,"minecraft:grass_block":20,"minecraft:stone_slab":16,"minecraft:stone":15,"minecraft:smooth_quartz":1,"minecraft:quartz_stairs":10,"minecraft:stone_bricks":7,"minecraft:torch":6,"minecraft:diamond_block":1,"minecraft:mossy_cobblestone":27,"minecraft:glowstone":3,"minecraft:dirt":212,"minecraft:cobblestone":19,"minecraft:oak_slab":68,"minecraft:chiseled_quartz_block":36,"minecraft:stone_brick_wall":8,"minecraft:coarse_dirt":1},"minecraft:custom":{"minecraft:time_since_rest":25106,"minecraft:sprint_one_cm":71574,"minecraft:walk_one_cm":151002,"minecraft:damage_taken":1255,"minecraft:drop":2,"minecraft:damage_dealt":1545,"minecraft:fly_one_cm":426570,"minecraft:player_kills":3,"minecraft:crouch_one_cm":2902,"minecraft:play_time":88792,"minecraft:deaths":3,"minecraft:sneak_time":2748,"minecraft:walk_under_water_one_cm":17752,"minecraft:jump":733,"minecraft:leave_game":1,"minecraft:time_since_death":25069,"minecraft:walk_on_water_one_cm":14312,"minecraft:total_world_time":88792,"minecraft:fall_one_cm":14980},"minecraft:picked_up":{"minecraft:coarse_dirt":1,"minecraft:sand":6,"minecraft:spruce_sapling":1,"minecraft:dirt":53,"minecraft:lantern":5,"minecraft:netherite_sword":1,"minecraft:cobblestone":8},"minecraft:dropped":{"minecraft:mossy_cobblestone":1,"minecraft:netherite_sword":1},"minecraft:mined":{"minecraft:coarse_dirt":1,"minecraft:short_grass":1}},"DataVersion":3700}