{
  "minecraft:recipes/decorations/crafting_table": {
    "criteria": {
      "unlock_right_away": "2024-05-18 00:52:59 +0000"
    },
    "done": true
  },
  "minecraft:adventure/root": {
    "criteria": {
      "killed_by_something": "2024-05-18 00:53:58 +0000"
    },
    "done": true
  },
  "minecraft:adventure/adventuring_time": {
    "criteria": {
      "minecraft:frozen_river": "2024-05-18 00:53:00 +0000",
      "minecraft:taiga": "2024-05-18 00:53:42 +0000"
    },
    "done": false
  },
  "DataVersion": 3700
}